"","x"
"1","ACADM"
"2","ALAD"
"3","C6"
"4","CP"
"5","CPOX"
"6","EDNRB"
"7","EPHX1"
"8","ETFA"
"9","GBE1"
"10","GCDH"
"11","SGSH"
"12","IL2RG"
"13","ITGB4"
"14","LAMB3"
"15","SGCB"
"16","CIITA"
"17","PNP"
"18","NPC1"
"19","NPHP1"
"20","OAT"
"21","PCCA"
"22","PEPD"
"23","PKD1"
"24","PLOD1"
"25","PPOX"
"26","ATXN1"
"27","SGCD"
"28","TCN2"
"29","TSC1"
"30","UROD"
"31","XDH"
"32","CDKN1A"
"33","HSD17B4"
"34","LTBP2"
"35","NCF2"
"36","NEU1"
"37","OXCT1"
"38","SOD1"
"39","SUOX"
"40","AMT"
"41","GDNF"
"42","PCCB"
"43","SMPD1"
"44","IL6R"
"45","TAP1"
"46","IGFBP2"
"47","IGFBP3"
"48","CD44"
"49","IGF1"
"50","SOD2"
"51","SELL"
"52","ABAT"
"53","ATP1A1"
"54","AVPR1A"
"55","BCKDHA"
"56","BDKRB1"
"57","TSPO"
"58","CACNA1D"
"59","CSF3R"
"60","GART"
"61","GAS6"
"62","GNRH1"
"63","GSTM3"
"64","ICAM2"
"65","IL1R1"
"66","ITGB6"
"67","NQO1"
"68","NPY1R"
"69","POR"
"70","PTGFR"
"71","PTGS1"
"72","RPS3"
"73","RPS23"
"74","SCNN1A"
"75","VCAM1"
"76","AAMP"
"77","ABCF1"
"78","ADCY7"
"79","ADCY9"
"80","ADM"
"81","ARNTL"
"82","BACH1"
"83","BIK"
"84","BMP2"
"85","KLF9"
"86","CD40"
"87","CLIC5"
"88","LDB2"
"89","KLF6"
"90","CREBL2"
"91","CTBP1"
"92","CXADR"
"93","DBP"
"94","DNASE2B"
"95","ECM2"
"96","EFNA2"
"97","CELSR2"
"98","EMP1"
"99","EP300"
"100","ESR2"
"101","GFRA2"
"102","HNRNPL"
"103","HSPB1"
"104","IFIT3"
"105","IL13RA1"
"106","APEX1"
"107","ARNT"
"108","ATP5O"
"109","BLK"
"110","BMP6"
"111","BTC"
"112","CANX"
"113","CAPN2"
"114","CAPNS1"
"115","CCND1"
"116","CD19"
"117","CD34"
"118","CDH5"
"119","CDH11"
"120","CENPB"
"121","CCR7"
"122","SLC31A1"
"123","CPT1A"
"124","CTGF"
"125","CTNNB1"
"126","DBT"
"127","DDB1"
"128","DHPS"
"129","MPP7"
"130","DSG2"
"131","DUSP7"
"132","E2F5"
"133","EDN1"
"134","EDNRA"
"135","EIF5A2"
"136","ETFB"
"137","F2R"
"138","F3"
"139","KDSR"
"140","GAP43"
"141","GARS"
"142","GRIK5"
"143","GRP"
"144","HLA-DOB"
"145","HLA-DQB1"
"146","IRF2"
"147","ITGA9"
"148","ITGAL"
"149","ITIH1"
"150","ITPR1"
"151","ITPR3"
"152","IVD"
"153","KCNJ15"
"154","KCNK1"
"155","AFF3"
"156","LEPR"
"157","LIMK1"
"158","LSP1"
"159","LTB"
"160","MAN2A1"
"161","MAX"
"162","MFNG"
"163","MGAT1"
"164","MPI"
"165","NEO1"
"166","NPAS2"
"167","NPTX1"
"168","NT5E"
"169","NTF3"
"170","ODF2"
"171","P2RX5"
"172","P2RY2"
"173","CDK18"
"174","PDE6D"
"175","PDGFRB"
"176","PER1"
"177","PIGR"
"178","PLRG1"
"179","POLG"
"180","PPL"
"181","PSMB6"
"182","PSMC3"
"183","PSMD13"
"184","PTPRC"
"185","ABCD3"
"186","ALDH18A1"
"187","RAP1GAP"
"188","RBP1"
"189","RCN2"
"190","RDH5"
"191","UPF1"
"192","RGS2"
"193","RGS12"
"194","RNH1"
"195","ROBO1"
"196","RPA1"
"197","S100A9"
"198","SATB1"
"199","SLC6A6"
"200","SLPI"
"201","B4GALT5"
"202","PTGDR2"
"203","VAMP3"
"204","UBE4A"
"205","FAM189A2"
"206","FXR1"
"207","PTGES"
"208","H2AFY"
"209","CLOCK"
"210","PRDX6"
"211","PITPNM1"
"212","CTNS"
"213","DAPK1"
"214","ETV1"
"215","GDF10"
"216","KCNC3"
"217","MECP2"
"218","MMP9"
"219","PCYT1A"
"220","PIK3CD"
"221","SSPN"
"222","AKAP12"
"223","HS3ST1"
"224","MVP"
"225","TNFSF15"
"226","NR1D2"
"227","FGFBP1"
"228","ABL1"
"229","APLNR"
"230","AKT1"
"231","RUNX1T1"
"232","S1PR3"
"233","ELK3"
"234","EPHA1"
"235","ETS1"
"236","GJA5"
"237","GNL1"
"238","GPR4"
"239","GRK5"
"240","HAGH"
"241","UBE2K"
"242","HSPA5"
"243","LIPE"
"244","MPP2"
"245","NEU2"
"246","NFIL3"
"247","PPP1R3C"
"248","PTPN14"
"249","SFTPA1"
"250","TIE1"
"251","CST8"
"252","GJC1"
"253","LRRC32"
"254","IRS1"
"255","KRT7"
"256","LAMA5"
"257","LCN2"
"258","LCP2"
"259","LOXL1"
"260","LPP"
"261","RGS4"
"262","SLC6A8"
"263","UST"
"264","TSPAN5"
"265","PDIA6"
"266","NAMPT"
"267","GPR64"
"268","PLXNC1"
"269","SORBS3"
"270","RASGRP2"
"271","SPRY1"
"272","SPRY2"
"273","CDK2AP2"
"274","RAMP2"
"275","RAMP3"
"276","ZMPSTE24"
"277","FSTL3"
"278","CAPRIN1"
"279","MEF2D"
"280","CD200"
"281","MXI1"
"282","TBCD"
"283","WFS1"
"284","MANF"
"285","TP53I11"
"286","MRC2"
"287","BPNT1"
"288","DLC1"
"289","PIAS3"
"290","WFDC2"
"291","SPON1"
"292","ACAA2"
"293","SFN"
"294","IRF6"
"295","NFRKB"
"296","PDE4A"
"297","POU2AF1"
"298","PPP1R3D"
"299","PRKAA2"
"300","PRKG2"
"301","PSME1"
"302","RRAS"
"303","CCL19"
"304","SSR4"
"305","MAD2L2"
"306","MERTK"
"307","HYOU1"
"308","RNASEH2A"
"309","ARPC1A"
"310","DRAP1"
"311","SMC2"
"312","MXD4"
"313","ST6GALNAC2"
"314","ERLIN1"
"315","TRIM16"
"316","PDPN"
"317","CLN5"
"318","MCAM"
"319","DYNLT1"
"320","NCOA3"
"321","IGF2BP2"
"322","YKT6"
"323","PMVK"
"324","KHDRBS1"
"325","CGRRF1"
"326","RBBP9"
"327","GRAP"
"328","TSPAN9"
"329","LYVE1"
"330","FASTK"
"331","MAN2C1"
"332","DNASE1L1"
"333","HIVEP2"
"334","AKAP13"
"335","MCM5"
"336","SNTB2"
"337","GJB6"
"338","PNRC1"
"339","STIP1"
"340","FERMT2"
"341","GMPR"
"342","UPK1B"
"343","CLDN10"
"344","RPH3AL"
"345","TACC2"
"346","PAPD7"
"347","STMN2"
"348","ADAMTS8"
"349","TCF19"
"350","VCP"
"351","TFEB"
"352","TESK2"
"353","DCTN3"
"354","PNKP"
"355","COPE"
"356","GPR182"
"357","TMC6"
"358","MME"
"359","HYAL1"
"360","AP2A2"
"361","PGP"
"362","SLC25A38"
"363","RPL13"
"364","POLR3K"
"365","TCF25"
"366","ATP6V1D"
"367","ULK2"
"368","ABHD11"
"369","MARS2"
"370","ATAD2"
"371","DNPEP"
"372","RFC4"
"373","SLC25A35"
"374","MRTO4"
"375","CHMP2A"
"376","TRAPPC3"
"377","ELAC2"
"378","SBDS"
"379","CPSF3"
"380","SLC25A10"
"381","CORO1A"
"382","SF3B2"
"383","C9orf114"
"384","NAT10"
"385","NMRK1"
"386","AIFM2"
"387","C11orf73"
"388","COQ10B"
"389","RRAS2"
"390","GRPEL1"
"391","GPN2"
"392","CRY1"
"393","GDPD1"
"394","DARS2"
"395","NAPEPLD"
"396","CDIPT"
"397","SHOC2"
"398","BACH2"
"399","BCAN"
"400","CBX5"
"401","CNTN1"
"402","CPEB1"
"403","EEF2K"
"404","FLT4"
"405","FST"
"406","FZD4"
"407","LRIG1"
"408","STT3B"
"409","LGALS1"
"410","TM4SF1"
"411","MAN2B2"
"412","MAP4K4"
"413","PPARGC1A"
"414","PRSS12"
"415","PTPN22"
"416","RBPJL"
"417","RET"
"418","ST3GAL3"
"419","SWAP70"
"420","VAMP2"
"421","VASP"
"422","VPREB3"
"423","COL18A1"
"424","BCAR1"
"425","ASAP1"
"426","FKBP10"
"427","FKBP8"
"428","AKTIP"
"429","GABPB1"
"430","EMB"
"431","HEY1"
"432","FOXA2"
"433","INVS"
"434","KCNK2"
"435","KIFC2"
"436","ZBTB7A"
"437","MAFF"
"438","MAL"
"439","BHLHA15"
"440","MYO1B"
"441","NFKBIA"
"442","PDCD4"
"443","PER2"
"444","PER3"
"445","PIK3R1"
"446","PITPNM2"
"447","S100A4"
"448","S100A6"
"449","CYFIP2"
"450","ST6GALNAC3"
"451","STXBP4"
"452","SDC3"
"453","TBX4"
"454","TEX264"
"455","MYO18A"
"456","TNFSF12"
"457","TUFT1"
"458","BACE1"
"459","GMCL1"
"460","GREM2"
"461","MID2"
"462","CREB3L1"
"463","SLC27A1"
"464","NCDN"
"465","ZNF346"
"466","PRDX5"
"467","TINAG"
"468","RERE"
"469","AHSA1"
"470","CDC42EP4"
"471","DDAH1"
"472","LPAR3"
"473","EPB41L1"
"474","FBXW2"
"475","FBXO3"
"476","SLC7A8"
"477","FAIM2"
"478","NUPR1"
"479","RPS6KC1"
"480","SEC14L2"
"481","TBL2"
"482","IKZF3"
"483","ADARB1"
"484","ZNF180"
"485","FLRT3"
"486","SNX8"
"487","HILPDA"
"488","NENF"
"489","ZDHHC8"
"490","STRN4"
"491","KCNIP3"
"492","MKRN2"
"493","EPB41L4A"
"494","HEBP1"
"495","MBD1"
"496","MSH5"
"497","FGD2"
"498","PALD1"
"499","TJP3"
"500","PLCB4"
"501","HSPB7"
"502","TNFRSF19"
"503","SMTN"
"504","HEYL"
"505","SSX2IP"
"506","C11orf54"
"507","OGN"
"508","KLF15"
"509","CD274"
"510","CRIPT"
"511","LGALSL"
"512","ITPK1"
"513","ADAMTS15"
"514","MGAT4B"
"515","RASD2"
"516","PATZ1"
"517","PPP1R15A"
"518","MTCH2"
"519","HSPB8"
"520","TUBGCP4"
"521","SMPDL3B"
"522","HUNK"
"523","NT5C"
"524","FAM120A"
"525","LPIN2"
"526","CLSTN1"
"527","KIAA0513"
"528","SNX17"
"529","SPCS2"
"530","SERTAD2"
"531","SCRN1"
"532","SPOCK2"
"533","RNF40"
"534","C2CD2L"
"535","FARP2"
"536","RHOBTB1"
"537","KLHL21"
"538","TMCC2"
"539","CD302"
"540","COBLL1"
"541","LMTK2"
"542","LPHN1"
"543","CNKSR2"
"544","ZHX2"
"545","BAHD1"
"546","BTBD3"
"547","WDR47"
"548","EXOSC7"
"549","EXPH5"
"550","TTLL5"
"551","CLCC1"
"552","STAB1"
"553","ZCCHC14"
"554","RGL1"
"555","KIAA0922"
"556","ANKRD12"
"557","ARAP2"
"558","TRIM37"
"559","LARP1"
"560","PPP1R13B"
"561","TECPR1"
"562","PAMR1"
"563","AHCTF1"
"564","KANK2"
"565","TIPARP"
"566","KRT23"
"567","SIPA1L1"
"568","ARHGEF26"
"569","DCAF4"
"570","WSB1"
"571","AAAS"
"572","CNPPD1"
"573","SGSM3"
"574","LPIN1"
"575","FAM65B"
"576","ATL1"
"577","AMDHD2"
"578","CUTC"
"579","PLLP"
"580","DYNC2LI1"
"581","APH1A"
"582","ISOC1"
"583","MPC1"
"584","TMEFF2"
"585","GPRC5B"
"586","EMCN"
"587","TUBD1"
"588","TOB2"
"589","PCYOX1"
"590","NAT8"
"591","DCDC2"
"592","LIMA1"
"593","CD244"
"594","CRIM1"
"595","MPP5"
"596","TMEM9"
"597","PRKD2"
"598","PPHLN1"
"599","RNF181"
"600","SYT17"
"601","UBAP1"
"602","GMIP"
"603","PCDH12"
"604","CYP39A1"
"605","ZDHHC3"
"606","CNTFR"
"607","CLDN1"
"608","RECK"
"609","DNAJC5"
"610","RBMS1"
"611","CLDN7"
"612","SPINT1"
"613","A4GALT"
"614","BAIAP2"
"615","FAM20A"
"616","ZC3H7B"
"617","CDKN2AIP"
"618","LRRC16A"
"619","GATAD2A"
"620","BCAS3"
"621","GDPD2"
"622","TASP1"
"623","SNRK"
"624","TMEM214"
"625","FLVCR2"
"626","CMTM6"
"627","RASIP1"
"628","LPCAT1"
"629","FAM120C"
"630","TMEM160"
"631","ZNF692"
"632","SLC35A5"
"633","CUEDC1"
"634","PDPR"
"635","MREG"
"636","ARGLU1"
"637","C10orf118"
"638","PACS1"
"639","WDR70"
"640","ATP5SL"
"641","LMBR1L"
"642","TMEM33"
"643","INTS10"
"644","APPL2"
"645","LGI2"
"646","EXD2"
"647","MOB1A"
"648","STEAP3"
"649","ASXL2"
"650","TMEM140"
"651","SCN3B"
"652","ADAP2"
"653","LAPTM4B"
"654","EAPP"
"655","FAM45A"
"656","GABRQ"
"657","USP49"
"658","CYTL1"
"659","ABCA5"
"660","NXT2"
"661","TMEM55B"
"662","ELP5"
"663","KLHL7"
"664","MKKS"
"665","CAMKK1"
"666","PDZRN3"
"667","PCDHB6"
"668","TERF2IP"
"669","MOV10"
"670","PCDH18"
"671","MTMR12"
"672","SDK2"
"673","DLL4"
"674","PLEKHA3"
"675","GTPBP2"
"676","COLQ"
"677","KIAA1217"
"678","ASAH1"
"679","GKAP1"
"680","EIF4ENIF1"
"681","RPRM"
"682","LAMTOR3"
"683","MGST1"
"684","C1QTNF1"
"685","RNASE4"
"686","AGPAT3"
"687","EMC7"
"688","SEMA3G"
"689","YAE1D1"
"690","ARHGAP31"
"691","ANKH"
"692","AVEN"
"693","KIAA1191"
"694","MCOLN1"
"695","CMPK2"
"696","ZNF467"
"697","RIPK4"
"698","RAB22A"
"699","UBR4"
"700","PREX1"
"701","ZNF687"
"702","TSHZ3"
"703","ZBTB4"
"704","CACHD1"
"705","GBA2"
"706","ART4"
"707","JAM2"
"708","SH3KBP1"
"709","SENP2"
"710","PDLIM2"
"711","PHLPP1"
"712","FADS3"
"713","AVPI1"
"714","FN3KRP"
"715","CABLES1"
"716","SDF2L1"
"717","GPR88"
"718","PCIF1"
"719","POPDC2"
"720","NOD2"
"721","ABHD8"
"722","ARAP3"
"723","MTMR14"
"724","ADCY5"
"725","TNS1"
"726","MICAL1"
"727","CERK"
"728","NT5DC2"
"729","VPS33A"
"730","IRAK1BP1"
"731","ADCK3"
"732","STARD5"
"733","MESDC2"
"734","SLC44A4"
"735","ABCB6"
"736","ZDHHC16"
"737","MIS12"
"738","ZFYVE21"
"739","KCTD15"
"740","PRRG3"
"741","FAM188A"
"742","CCDC127"
"743","CMTM3"
"744","PLEKHF1"
"745","PRR15L"
"746","CRELD2"
"747","NDUFS7"
"748","SUN1"
"749","WBSCR27"
"750","NKAIN1"
"751","ACSS3"
"752","SH3TC2"
"753","FAM184A"
"754","HSPBAP1"
"755","PARP8"
"756","SAP30L"
"757","MORC4"
"758","NSUN7"
"759","RABL6"
"760","FBXO31"
"761","MMRN2"
"762","CLMP"
"763","LONRF3"
"764","SNX22"
"765","HDAC11"
"766","PLBD1"
"767","MORN1"
"768","C2orf54"
"769","DENND1C"
"770","CEP76"
"771","POF1B"
"772","PLEKHH3"
"773","TMEM62"
"774","MCF2L"
"775","LRRC8E"
"776","EDC3"
"777","USP36"
"778","SPSB1"
"779","CCDC92"
"780","ALPK1"
"781","RNF39"
"782","SHARPIN"
"783","SKA2"
"784","FBXO36"
"785","NUDT14"
"786","NICN1"
"787","ANAPC16"
"788","ALKBH7"
"789","ACOT11"
"790","LRRC57"
"791","MCM8"
"792","TCEAL8"
"793","DCBLD1"
"794","MAP1LC3A"
"795","TMEM170A"
"796","HINT3"
"797","NHLRC2"
"798","PXDC1"
"799","MMACHC"
"800","FAM69A"
"801","NANP"
"802","RFFL"
"803","FAM132A"
"804","HOGA1"
"805","FIBIN"
"806","MRPL24"
"807","NUDT22"
"808","TLCD1"
"809","PPP1R14A"
"810","LURAP1L"
"811","MRPL52"
"812","KIAA1715"
"813","ARAP1"
"814","IYD"
"815","PGM2L1"
"816","FSIP1"
"817","RNF215"
"818","PAQR7"
"819","ENDOD1"
"820","NKD2"
"821","PEAR1"
"822","C10orf107"
"823","ZBTB8A"
"824","CBY1"
"825","STK40"
"826","DYNLRB2"
"827","PCGF5"
"828","ERP44"
"829","IL34"
"830","FAM49A"
"831","ARSK"
"832","MMAB"
"833","HTRA3"
"834","CYGB"
"835","SETD7"
"836","SLC38A1"
"837","KANK3"
"838","TDRD3"
"839","C1orf21"
"840","JDP2"
"841","CDADC1"
"842","TRIM8"
"843","PPP1R14C"
"844","ADAMTS12"
"845","APH1B"
"846","PIK3AP1"
"847","BICC1"
"848","CRISPLD1"
"849","SESN2"
"850","MARVELD1"
"851","CECR6"
"852","C1QTNF2"
"853","RAB34"
"854","NRG4"
"855","TMPRSS13"
"856","FBXO30"
"857","LOXL4"
"858","TMEM117"
"859","ZMYND12"
"860","CCDC135"
"861","GARNL3"
"862","FAM120B"
"863","AFAP1L2"
"864","DAB2IP"
"865","MCEE"
"866","COX4I2"
"867","PYROXD2"
"868","GPR124"
"869","ADO"
"870","FAM73B"
"871","DIRC2"
"872","SPRYD3"
"873","LSM10"
"874","TOX2"
"875","SIGLEC10"
"876","PHOSPHO1"
"877","MPV17L"
"878","PUSL1"
"879","ENGASE"
"880","SLC26A11"
"881","WDR81"
"882","RDH10"
"883","TRIM7"
"884","TNKS1BP1"
"885","CTTNBP2"
"886","DISP1"
"887","CARD9"
"888","IGSF8"
"889","SNX18"
"890","PIK3IP1"
"891","MBD6"
"892","SLC26A9"
"893","CYYR1"
"894","EGLN2"
"895","SNAP47"
"896","THEM4"
"897","SELM"
"898","MTA3"
"899","KLHDC3"
"900","SESN3"
"901","RNF145"
"902","TMEM57"
"903","METTL20"
"904","DYNC2H1"
"905","FLCN"
"906","MMAA"
"907","LPCAT3"
"908","SLC41A1"
"909","ACER2"
"910","RASGRP3"
"911","SEPSECS"
"912","HIBADH"
"913","PPAP2B"
"914","STK35"
"915","RBM45"
"916","MMGT1"
"917","RILPL1"
"918","RASGRP4"
"919","SLC39A4"
"920","LIN52"
"921","P2RY14"
"922","MLC1"
"923","ERG"
"924","CCBE1"
"925","ATP6V1C2"
"926","DESI1"
"927","PHLDB1"
"928","ATHL1"
"929","RWDD4"
"930","TBCEL"
"931","TBC1D25"
"932","SEMA6D"
"933","KAZN"
"934","IL17D"
"935","CDAN1"
"936","OSGIN1"
"937","SYTL5"
"938","ANKRD54"
"939","NETO1"
"940","MAPK15"
"941","ADAMTS17"
"942","TMEM150A"
"943","PQLC3"
"944","GPR155"
"945","C16orf52"
"946","TMEM192"
"947","ANGEL2"
"948","RFTN2"
"949","TOR1AIP2"
"950","AARD"
"951","UBXN2A"
"952","MUC20"
"953","GPRC6A"
"954","ANKRD9"
"955","CPT1C"
"956","C16orf89"
"957","ZNF385B"
"958","WDSUB1"
"959","CCDC112"
"960","AK8"
"961","LRRN4"
"962","TBATA"
"963","CADM2"
"964","SYT14"
"965","NPW"
"966","FBXW8"
"967","TTC39A"
"968","PODN"
"969","SNX14"
"970","GPR97"
"971","SLC6A15"
"972","DCAF15"
"973","ZSWIM4"
"974","FAM126B"
"975","TXNDC16"
"976","GRAMD4"
"977","LIN54"
"978","GRAMD1B"
"979","ZC3H12D"
"980","L3MBTL3"
"981","ANKRD52"
"982","ZNF697"
"983","KANK4"
"984","ARHGAP28"
"985","TMEM171"
"986","FAM117B"
"987","VKORC1L1"
"988","ARHGEF15"
"989","ZNF707"
"990","TCTEX1D4"
"991","C12orf29"
"992","WDR27"
"993","HECTD3"
"994","UPK3B"
"995","ELFN1"
"996","NR2C2AP"
"997","C12orf68"
"998","FAM198A"
"999","CCDC60"
"1000","TMEM108"
"1001","DPY19L3"
"1002","IGSF10"
"1003","MUSTN1"
"1004","ARHGAP30"
"1005","FAM101B"
"1006","GPR18"
"1007","CCDC88C"
"1008","SECISBP2L"
"1009","ARHGAP20"
"1010","KDM6B"
"1011","SLAIN2"
"1012","SIPA1L2"
"1013","RUSC2"
"1014","KIAA1841"
"1015","C15orf61"
"1016","CHD7"
"1017","CAMSAP1"
"1018","KIAA1211L"
"1019","MFSD2A"
"1020","GPR125"
"1021","KIAA1551"
"1022","ASXL3"
"1023","IGSF9B"
"1024","SPATA13"
"1025","ANKRD16"
"1026","PPP1R18"
"1027","FAM171A1"
"1028","ZBTB38"
"1029","RILP"
"1030","TMED8"
"1031","HPSE2"
"1032","ADAMTSL5"
"1033","KIAA1161"
"1034","ATP7B"
"1035","COL4A4"
"1036","MUT"
"1037","PFKM"
"1038","PKD2"
"1039","SERPINA7"
"1040","COL5A2"
"1041","SLC26A4"
"1042","AK1"
"1043","GPX1"
"1044","SPP1"
"1045","ADORA2B"
"1046","ADRB1"
"1047","ALDH3A1"
"1048","GRIA1"
"1049","MAOB"
"1050","SLC12A2"
"1051","CDH13"
"1052","AP1S1"
"1053","CX3CR1"
"1054","DGKQ"
"1055","DAPK3"
"1056","DTNA"
"1057","B4GALT1"
"1058","NDST1"
"1059","ANXA8L1"
"1060","ANXA8"
"1061","C5"
"1062","CCND3"
"1063","CD37"
"1064","COL4A1"
"1065","CSPG4"
"1066","GPX3"
"1067","HDC"
"1068","CD82"
"1069","KCNS3"
"1070","KPNA3"
"1071","MMP3"
"1072","MMP15"
"1073","PCSK6"
"1074","PRKCG"
"1075","PRSS8"
"1076","PTPRF"
"1077","RAB3A"
"1078","SLC7A2"
"1079","SLC16A1"
"1080","SMARCD2"
"1081","SNRNP70"
"1082","STAT4"
"1083","TMOD1"
"1084","YWHAB"
"1085","CSRP3"
"1086","PTP4A2"
"1087","DYSF"
"1088","TRIM24"
"1089","INPP4B"
"1090","CA8"
"1091","PLK3"
"1092","FOXS1"
"1093","RAB27B"
"1094","SLC1A3"
"1095","SLC28A2"
"1096","ACVR1B"
"1097","CD151"
"1098","EML1"
"1099","EPHA7"
"1100","LRP2"
"1101","SREBF2"
"1102","SEMA3B"
"1103","SLC16A7"
"1104","PDIA4"
"1105","KCNA2"
"1106","MMP14"
"1107","NRCAM"
"1108","PDE1A"
"1109","PPARA"
"1110","RORC"
"1111","SLC12A4"
"1112","TLE1"
"1113","ADRBK2"
"1114","ALDOC"
"1115","ITGA3"
"1116","ABCA1"
"1117","SCARB1"
"1118","SLC1A5"
"1119","NR2F1"
"1120","TSPAN2"
"1121","SMAD1"
"1122","LIPG"
"1123","RAPGEF3"
"1124","PCSK5"
"1125","TLN1"
"1126","TRIM3"
"1127","IFRD2"
"1128","RAB35"
"1129","RXRG"
"1130","ADAMTS1"
"1131","TPPP"
"1132","NR1H2"
"1133","ZXDB"
"1134","CIT"
"1135","PACSIN2"
"1136","PGK1"
"1137","AK3"
"1138","VPS13A"
"1139","MED14"
"1140","MOSPD2"
"1141","POLR1D"
"1142","PAQR4"
"1143","COL13A1"
"1144","COL8A1"
"1145","CACNA1G"
"1146","FGFR2"
"1147","GNAZ"
"1148","KIF13A"
"1149","HSPA4L"
"1150","SLC22A3"
"1151","LIN7C"
"1152","VILL"
"1153","BAZ1B"
"1154","FYB"
"1155","SLC7A11"
"1156","COPS7A"
"1157","ANGPTL2"
"1158","GCA"
"1159","RHOQ"
"1160","HEY2"
"1161","LPHN2"
"1162","SSBP2"
"1163","SRR"
"1164","ABCF3"
"1165","MAPK8IP3"
"1166","MTCH1"
"1167","PPM1F"
"1168","MLXIP"
"1169","WDFY3"
"1170","TRAK2"
"1171","PLXND1"
"1172","PLCB1"
"1173","PDS5A"
"1174","LPHN3"
"1175","EHBP1"
"1176","AZIN1"
"1177","SNX7"
"1178","SIDT2"
"1179","PIAS1"
"1180","DCXR"
"1181","PAIP2"
"1182","PRKAG3"
"1183","DENND4C"
"1184","SUSD4"
"1185","ZNF334"
"1186","FAM178A"
"1187","DNAJA4"
"1188","HES6"
"1189","ABHD2"
"1190","TNRC6C"
"1191","ADAMTSL4"
"1192","CYP26B1"
"1193","CDC42SE1"
"1194","ATP8B2"
"1195","ARHGAP22"
"1196","NR1D1"
"1197","ZNF667"
"1198","SVEP1"
"1199","PTPLB"
"1200","RAB3C"
"1201","SH3BP5"
"1202","LRRK1"
"1203","COLGALT1"
"1204","MYH14"
"1205","ACSF2"
"1206","PREX2"
"1207","KCNIP4"
"1208","SLC19A3"
"1209","CYB5B"
"1210","SNX31"
"1211","KLHL13"
"1212","DGAT2"
"1213","UBXN2B"
"1214","TSPAN11"
"1215","C1orf192"
"1216","VMP1"
"1217","ACAP3"
"1218","ZNF275"
"1219","HMCN1"
"1220","AGAP3"
"1221","ANKRD13A"
"1222","TSPAN18"
"1223","HEATR5B"
"1224","PAIP2B"
"1225","UBR2"
"1226","MAGI3"
"1227","CARNS1"
"1228","CCDC153"
"1229","ILF2"
"1230","EML3"
"1231","FREM1"
"1232","FBXL13"
"1233","SFT2D2"
"1234","FAM76A"
"1235","C5orf51"
"1236","GYLTL1B"
"1237","KANSL1L"
"1238","KIAA1324L"
"1239","LPCAT4"
"1240","ANKRD44"
"1241","KDM4B"
"1242","DTX4"
"1243","MYO1G"
"1244","CCDC108"
"1245","RALGAPA2"
"1246","FNIP1"
"1247","ODF3B"
"1248","TAF4B"
"1249","TMEM212"
"1250","GPR137C"
"1251","ADRB2"
"1252","FBN1"
"1253","ATXN7"
"1254","GP1BB"
"1255","P4HA1"
"1256","ACACA"
"1257","IFRD1"
"1258","ARVCF"
"1259","CHN1"
"1260","HLF"
"1261","PAPPA"
"1262","SDC4"
"1263","TEF"
"1264","UVRAG"
"1265","WEE1"
"1266","ZYX"
"1267","CDC7"
"1268","BCAR3"
"1269","PPM1D"
"1270","CTSF"
"1271","CREG1"
"1272","SQSTM1"
"1273","NOL3"
"1274","FDX1"
"1275","GYG1"
"1276","STK17B"
"1277","CTDP1"
"1278","GGPS1"
"1279","JARID2"
"1280","OXSR1"
"1281","THRAP3"
"1282","MYB"
"1283","MAPK8IP1"
"1284","FLOT1"
"1285","PDGFRA"
"1286","LGALS8"
"1287","RBM3"
"1288","OS9"
"1289","RIPK3"
"1290","PDP1"
"1291","ATF6"
"1292","PLA2R1"
"1293","GATA5"
"1294","MYO1C"
"1295","RHBDF1"
"1296","NFYA"
"1297","VNN1"
"1298","OSTM1"
"1299","CXXC1"
"1300","ANAPC13"
"1301","KLF13"
"1302","REV1"
"1303","MTFP1"
"1304","ZCCHC17"
"1305","PLAC8"
"1306","NGRN"
"1307","EFEMP2"
"1308","RAB3IP"
"1309","NDE1"
"1310","PI4K2B"
"1311","APBB1IP"
"1312","MEPCE"
"1313","SMYD2"
"1314","TULP4"
"1315","RHBDD2"
"1316","PKNOX2"
"1317","XYLT1"
"1318","SIL1"
"1319","DEPTOR"
"1320","EFHD2"
"1321","C12orf49"
"1322","WWC2"
"1323","FRMD8"
"1324","PINK1"
"1325","TTL"
"1326","ZMYND8"
"1327","SPATA24"
"1328","ARHGAP24"
"1329","TBC1D10A"
"1330","ORAI2"
"1331","ATP5J2-PTCD1"
"1332","LCLAT1"
"1333","WFDC8"
"1334","PXDN"
"1335","HEATR1"
"1336","GPR133"
"1337","LONRF1"
"1338","C12orf65"
"1339","RASAL2"
"1340","LIN9"
"1341","ARSJ"
"1342","ZCCHC11"
"1343","METTL4"
"1344","TET3"
"1345","CPM"
"1346","ZC3H12C"
"1347","PNMAL2"
"1348","CES1"
"1349","FKBP4"
"1350","SPN"
"1351","ANXA7"
"1352","S100G"
"1353","CTSH"
"1354","NNAT"
"1355","SH2B3"
"1356","IGSF6"
"1357","LRRN3"
"1358","TIMP3"
"1359","NAT6"
"1360","MYO10"
"1361","ARHGAP26"
"1362","SIGIRR"
"1363","TMBIM1"
"1364","TMEM204"
"1365","TMC7"
"1366","TRABD"
"1367","LRG1"
"1368","GPR146"
"1369","PPM1K"
"1370","RBM47"
"1371","TENC1"
"1372","FILIP1L"
"1373","CBS"
"1374","LOC102724560"
"1375","HK2"
"1376","MTM1"
"1377","UROS"
"1378","LAMA2"
"1379","ADH7"
"1380","ACE"
"1381","GRIA3"
"1382","GSTA3"
"1383","GSTM4"
"1384","GSTT2"
"1385","GSTT2B"
"1386","GUCY1A3"
"1387","PON3"
"1388","PTGIS"
"1389","RPL11"
"1390","RPL22"
"1391","LSS"
"1392","ABCA3"
"1393","ENTPD5"
"1394","CHD2"
"1395","EPB41L2"
"1396","ACADL"
"1397","CKB"
"1398","CLTB"
"1399","COX4I1"
"1400","CYB561"
"1401","ACSL1"
"1402","FES"
"1403","GLUL"
"1404","IDH2"
"1405","ITGA7"
"1406","NDUFA4"
"1407","PKM"
"1408","PPP2R5D"
"1409","PRKAR1B"
"1410","PSAP"
"1411","QSOX1"
"1412","PTPRM"
"1413","RBMS2"
"1414","RDX"
"1415","RPS27A"
"1416","SRSF2"
"1417","RNF43"
"1418","THRA"
"1419","TIMP4"
"1420","STX7"
"1421","VAPA"
"1422","DGKZ"
"1423","MKNK1"
"1424","VAMP8"
"1425","CDS2"
"1426","SNAP23"
"1427","CSRP1"
"1428","CALR"
"1429","COL6A3"
"1430","DSP"
"1431","AGFG1"
"1432","MLLT3"
"1433","RPS6KA3"
"1434","PCSK7"
"1435","LITAF"
"1436","VPS4B"
"1437","DOCK2"
"1438","SLC29A1"
"1439","SLC15A1"
"1440","HMGCS2"
"1441","SLCO2A1"
"1442","MMP11"
"1443","ECI2"
"1444","BASP1"
"1445","RABAC1"
"1446","TXNIP"
"1447","KHK"
"1448","CPSF4"
"1449","SERINC3"
"1450","SOS2"
"1451","SLC19A2"
"1452","TLE4"
"1453","SLC6A14"
"1454","SLC27A6"
"1455","NMNAT1"
"1456","DBI"
"1457","GNAO1"
"1458","GNA13"
"1459","SCN3A"
"1460","CS"
"1461","SORD"
"1462","ATP2B2"
"1463","ACSL4"
"1464","SLC36A4"
"1465","LETM1"
"1466","PRKCB"
"1467","PLXNA2"
"1468","MAP2K3"
"1469","CRY2"
"1470","IGFBP5"
"1471","PSMB8"
"1472","ABCC9"
"1473","CLCN7"
"1474","MAP2K7"
"1475","SIRT1"
"1476","SNW1"
"1477","USP21"
"1478","GPSM2"
"1479","PTPN6"
"1480","RORA"
"1481","NDUFS2"
"1482","FLVCR1"
"1483","UBE2S"
"1484","ELMO1"
"1485","TBC1D2B"
"1486","MTHFD1L"
"1487","SLC7A10"
"1488","FBLIM1"
"1489","TMEM106B"
"1490","TBC1D1"
"1491","FAM20C"
"1492","RHOJ"
"1493","SORCS2"
"1494","ANK3"
"1495","GOLPH3"
"1496","PIM3"
"1497","USP46"
"1498","PANK1"
"1499","DOCK5"
"1500","SLC25A33"
"1501","TBC1D9"
"1502","MARK4"
"1503","KALRN"
"1504","VARS2"
"1505","YIF1B"
"1506","ITPRIP"
"1507","ADC"
"1508","DIS3L2"
"1509","PNPLA7"
"1510","SLC7A6"
"1511","CHD3"
"1512","ZNF280B"
"1513","MED16"
"1514","SLC44A3"
"1515","RAB7B"
"1516","LRTM2"
"1517","NCOA7"
"1518","SERINC5"
"1519","FAM124B"
"1520","EOGT"
"1521","TMTC1"
"1522","TUSC5"
"1523","METTL24"
"1524","CCDC85A"
"1525","EFR3B"
"1526","KLHL29"
"1527","ARHGEF5"
"1528","TMEM185A"
"1529","KRT80"
"1530","PLXNB2"
"1531","ZCCHC24"
"1532","CYP1A1"
"1533","SERPINE1"
"1534","HTR2A"
"1535","ADH5"
"1536","ADRA1A"
"1537","HPGD"
"1538","IMPDH1"
"1539","KLK3"
"1540","RPS28"
"1541","ATP6V1B1"
"1542","DDR1"
"1543","HLA-DMB"
"1544","KCNH1"
"1545","RPSA"
"1546","PPAT"
"1547","RYK"
"1548","SPOP"
"1549","USP13"
"1550","RPS6KB2"
"1551","FABP3"
"1552","FKBP1B"
"1553","NUMBL"
"1554","NAPSA"
"1555","SLC4A8"
"1556","VPS26A"
"1557","RAC3"
"1558","SLC23A2"
"1559","MED12"
"1560","HSP90AA1"
"1561","HSD11B1"
"1562","HSPG2"
"1563","ERF"
"1564","SLC2A1"
"1565","HSPA8"
"1566","SLC20A2"
"1567","POMT1"
"1568","HSPA2"
"1569","FBXL20"
"1570","SEC14L4"
"1571","AP2A1"
"1572","NMT1"
"1573","FGFR1"
"1574","MYL6"
"1575","SIX4"
"1576","FMNL3"
"1577","IKZF4"
"1578","SLC13A4"
"1579","ATP2A3"
"1580","SH2D3C"
"1581","ABLIM3"
"1582","ERC2"
"1583","ATP9A"
"1584","HSD17B11"
"1585","ICK"
"1586","DYM"
"1587","RPS6KA4"
"1588","SLC2A9"
"1589","AGPAT4"
"1590","ZNF512B"
"1591","NLN"
"1592","AHCYL2"
"1593","EPHX3"
"1594","CYBRD1"
"1595","IFLTD1"
"1596","FAM57B"
"1597","CYP4F22"
"1598","SLC45A4"
"1599","DCLK3"
"1600","YPEL2"
"1601","FMNL2"
"1602","MTSS1L"
"1603","PHLPP2"
"1604","RAPH1"
"1605","SPNS2"
"1606","ABCA6"
"1607","UAP1L1"
"1608","KCNE2"
"1609","LIPH"
"1610","FLYWCH1"
"1611","ZNF454"
"1612","DIP2B"
"1613","GLB1L3"
"1614","CD36"
"1615","COL1A1"
"1616","SLC26A2"
"1617","ADH1C"
"1618","CYP2B6"
"1619","C18orf32"
"1620","PDGFB"
"1621","HSP90AB1"
"1622","HSPA14"
"1623","GSTA5"
"1624","PTPN3"
"1625","CLIP1"
"1626","TEAD4"
"1627","ACOX2"
"1628","MAD1L1"
"1629","TAOK2"
"1630","SCD"
"1631","BRD2"
"1632","MAF"
"1633","ABCC4"
"1634","SEC23B"
"1635","GLIPR2"
"1636","PGM5"
"1637","EYA1"
"1638","PALLD"
"1639","INPP5K"
"1640","INO80"
"1641","ANO1"
"1642","ACOXL"
"1643","SLC16A10"
"1644","NGEF"
"1645","CASS4"
"1646","SHANK3"
"1647","MCTP1"
"1648","CCDC176"
"1649","TRIB1"
"1650","FAM107B"
"1651","ATP13A4"
"1652","MAP3K9"
"1653","PRX"
"1654","CTSV"
"1655","GIPC3"
"1656","CALML4"
"1657","OSBPL2"
"1658","CCDC17"
"1659","APCDD1"
"1660","PLXNA4"
"1661","CYP2U1"
"1662","ASTN2"
"1663","SIPA1L3"
"1664","SLC10A5"
"1665","HIP1R"
"1666","SPIB"
"1667","OSBPL7"
"1668","TMEM200B"
"1669","PRDM6"
"1670","CSTF2"
"1671","STX3"
"1672","DPEP1"
"1673","CEPT1"
"1674","EHD3"
"1675","GATSL3"
"1676","TSLP"
"1677","SP110"
"1678","ZXDC"
"1679","SMTNL2"
"1680","DIXDC1"
"1681","INF2"
"1682","FOXK1"
"1683","IQSEC1"
"1684","FAM162B"
"1685","ADAMTS6"
"1686","MYO1H"
"1687","SIRPB1"
"1688","RPS29"
"1689","SORBS1"
"1690","H2AFV"
"1691","DOCK6"
"1692","NXPE4"
"1693","WDFY4"
"1694","LMO7"
"1695","C10orf62"
"1696","CYS1"
"1697","SHROOM2"
"1698","SBF1"
"1699","RPTN"
"1700","CYP2A6"
"1701","CYP2A7"
"1702","CYP2A13"
"1703","FRG2"
"1704","FRG2B"
"1705","ZNF407"
"1706","WASF2"
"1707","LILRB4"
"1708","METTL7A"
"1709","FMO2"
"1710","RNF168"
"1711","C19orf38"
"1712","C12orf56"
"1713","NEK5"
"1714","TOM1"
"1715","PFKFB2"
"1716","CXCL6"
"1717","IL11RA"
"1718","YBX1"
"1719","PFKFB3"
"1720","HS3ST3A1"
"1721","KIAA0825"
"1722","MLIP"
"1723","WIPI2"
"1724","PMM1"
"1725","USP54"
"1726","RPS21"
"1727","RPS14"
"1728","OPLAH"
"1729","ZDHHC9"
"1730","OSBPL5"
"1731","DGKH"
"1732","TRIP10"
"1733","CFL1"
"1734","DGKD"
"1735","MAGT1"
"1736","FAM63B"
"1737","OSBPL6"
"1738","HLA-DRB5"
"1739","TMEM63B"
"1740","TSC22D3"
"1741","CORO6"
"1742","ARHGAP23"
"1743","RPL27"
"1744","ZNF266"
"1745","SYNRG"
"1746","SPRR1A"
"1747","SHANK2"
"1748","VDAC1"
"1749","FABP5"
"1750","ZNF502"
"1751","ALDH1A1"
"1752","ACTB"
"1753","RPS12"
"1754","MS4A8"
"1755","SERPINA3"
"1756","WIPF3"
"1757","ITGAE"
"1758","DYNLL2"
"1759","RFK"
"1760","IFI16"
"1761","AKR1B10"
